id,name,model_id:id,group_id:id,perm_read,perm_write,perm_create,perm_unlink

access_university_academic_year_admin,university.academic.year.admin,model_university_academic_year,group_university_admin,1,1,1,1
access_university_academic_year_coordinator,university.academic.year.coordinator,model_university_academic_year,group_academic_coordinator,1,1,1,0
access_university_academic_year_faculty,university.academic.year.faculty,model_university_academic_year,group_faculty,1,0,0,0
access_university_academic_year_student,university.academic.year.student,model_university_academic_year,group_student_portal,1,0,0,0

access_university_batch_admin,university.batch.admin,model_university_batch,group_university_admin,1,1,1,1
access_university_batch_coordinator,university.batch.coordinator,model_university_batch,group_academic_coordinator,1,1,1,0
access_university_batch_faculty,university.batch.faculty,model_university_batch,group_faculty,1,0,0,0
access_university_batch_student,university.batch.student,model_university_batch,group_student_portal,1,0,0,0

access_university_course_admin,university.course.admin,model_university_course,group_university_admin,1,1,1,1
access_university_course_coordinator,university.course.coordinator,model_university_course,group_academic_coordinator,1,1,1,0
access_university_course_faculty,university.course.faculty,model_university_course,group_faculty,1,0,0,0
access_university_course_student,university.course.student,model_university_course,group_student_portal,1,0,0,0

access_university_classroom_admin,university.classroom.admin,model_university_classroom,group_university_admin,1,1,1,1
access_university_classroom_faculty,university.classroom.faculty,model_university_classroom,group_faculty,1,0,0,0

access_university_department_admin,university.department.admin,model_university_department,group_university_admin,1,1,1,1
access_university_department_coordinator,university.department.coordinator,model_university_department,group_academic_coordinator,1,1,1,0
access_university_department_faculty,university.department.faculty,model_university_department,group_faculty,1,0,0,0
access_university_department_student,university.department.student,model_university_department,group_student_portal,1,0,0,0

access_university_program_admin,university.program.admin,model_university_program,group_university_admin,1,1,1,1
access_university_program_coordinator,university.program.coordinator,model_university_program,group_academic_coordinator,1,1,1,0
access_university_program_faculty,university.program.faculty,model_university_program,group_faculty,1,0,0,0
access_university_program_student,university.program.student,model_university_program,group_student_portal,1,0,0,0

access_university_semester_admin,university.semester.admin,model_university_semester,group_university_admin,1,1,1,1
access_university_semester_coordinator,university.semester.coordinator,model_university_semester,group_academic_coordinator,1,1,1,0
access_university_semester_faculty,university.semester.faculty,model_university_semester,group_faculty,1,0,0,0
access_university_semester_student,university.semester.student,model_university_semester,group_student_portal,1,0,0,0

access_university_subject_admin,university.subject.admin,model_university_subject,group_university_admin,1,1,1,1
access_university_subject_coordinator,university.subject.coordinator,model_university_subject,group_academic_coordinator,1,1,1,0
access_university_subject_faculty,university.subject.faculty,model_university_subject,group_faculty,1,0,0,0
access_university_subject_student,university.subject.student,model_university_subject,group_student_portal,1,0,0,0

access_university_syllabus_admin,university.syllabus.admin,model_university_syllabus,group_university_admin,1,1,1,1
access_university_syllabus_coordinator,university.syllabus.coordinator,model_university_syllabus,group_academic_coordinator,1,1,1,0
access_university_syllabus_faculty,university.syllabus.faculty,model_university_syllabus,group_faculty,1,0,0,0
access_university_syllabus_student,university.syllabus.student,model_university_syllabus,group_student_portal,1,0,0,0

access_university_syllabus_unit_admin,university.syllabus.unit.admin,model_university_syllabus_unit,group_university_admin,1,1,1,1
access_university_syllabus_unit_coordinator,university.syllabus.unit.coordinator,model_university_syllabus_unit,group_academic_coordinator,1,1,1,0
access_university_syllabus_unit_faculty,university.syllabus.unit.faculty,model_university_syllabus_unit,group_faculty,1,0,0,0
access_university_syllabus_unit_student,university.syllabus.unit.student,model_university_syllabus_unit,group_student_portal,1,0,0,0

access_university_timetable_admin,university.timetable.admin,model_university_timetable,group_university_admin,1,1,1,1
access_university_timetable_coordinator,university.timetable.coordinator,model_university_timetable,group_academic_coordinator,1,1,1,0
access_university_timetable_faculty,university.timetable.faculty,model_university_timetable,group_faculty,1,0,0,0
access_university_timetable_student,university.timetable.student,model_university_timetable,group_student_portal,1,0,0,0

access_alumni_admin,alumni.alumni.admin,model_alumni_alumni,group_university_admin,1,1,1,1
access_alumni_coordinator,alumni.alumni.coordinator,model_alumni_alumni,group_academic_coordinator,1,1,1,0
access_alumni_faculty,alumni.alumni.faculty,model_alumni_alumni,group_faculty,1,0,0,0
access_alumni_student,alumni.alumni.student,model_alumni_alumni,group_student_portal,1,0,0,0

access_alumni_achievement_admin,alumni.achievement.admin,model_alumni_achievement,group_university_admin,1,1,1,1
access_alumni_achievement_coordinator,alumni.achievement.coordinator,model_alumni_achievement,group_academic_coordinator,1,1,1,0
access_alumni_achievement_faculty,alumni.achievement.faculty,model_alumni_achievement,group_faculty,1,0,0,0
access_alumni_achievement_student,alumni.achievement.student,model_alumni_achievement,group_student_portal,1,0,0,0

access_alumni_donation_admin,alumni.donation.admin,model_alumni_donation,group_university_admin,1,1,1,1
access_alumni_donation_coordinator,alumni.donation.coordinator,model_alumni_donation,group_academic_coordinator,1,1,1,0
access_alumni_donation_faculty,alumni.donation.faculty,model_alumni_donation,group_faculty,1,0,0,0
access_alumni_donation_student,alumni.donation.student,model_alumni_donation,group_student_portal,1,0,0,0

access_alumni_event_admin,alumni.event.admin,model_alumni_event,group_university_admin,1,1,1,1
access_alumni_event_coordinator,alumni.event.coordinator,model_alumni_event,group_academic_coordinator,1,1,1,0
access_alumni_event_faculty,alumni.event.faculty,model_alumni_event,group_faculty,1,0,0,0
access_alumni_event_student,alumni.event.student,model_alumni_event,group_student_portal,1,0,0,0

access_event_registration_admin,university.event.registration.admin,model_university_event_registration,group_university_admin,1,1,1,1
access_event_registration_coordinator,university.event.registration.coordinator,model_university_event_registration,group_academic_coordinator,1,1,1,0
access_event_registration_student,university.event.registration.student,model_university_event_registration,group_student_portal,1,0,0,0
access_event_registration_parent,university.event.registration.parent,model_university_event_registration,group_parent_portal,1,0,0,0

access_event_sponsor_admin,event.sponsor.admin,model_event_sponsor,group_university_admin,1,1,1,1
access_event_sponsor_coordinator,event.sponsor.coordinator,model_event_sponsor,group_academic_coordinator,1,1,1,0

access_hackathon_hackathon_admin,hackathon.hackathon.admin,model_hackathon_hackathon,group_university_admin,1,1,1,1
access_hackathon_hackathon_coordinator,hackathon.hackathon.coordinator,model_hackathon_hackathon,group_academic_coordinator,1,1,1,0
access_hackathon_hackathon_student,hackathon.hackathon.student,model_hackathon_hackathon,group_student_portal,1,0,0,0

access_hackathon_judge_admin,hackathon.judge.admin,model_hackathon_judge,group_university_admin,1,1,1,1
access_hackathon_judge_coordinator,hackathon.judge.coordinator,model_hackathon_judge,group_academic_coordinator,1,1,1,0

access_hackathon_team_admin,hackathon.team.admin,model_hackathon_team,group_university_admin,1,1,1,1
access_hackathon_team_coordinator,hackathon.team.coordinator,model_hackathon_team,group_academic_coordinator,1,1,1,0
access_hackathon_team_student,hackathon.team.student,model_hackathon_team,group_student_portal,1,0,0,0

access_hackathon_winner_admin,hackathon.winner.admin,model_hackathon_winner,group_university_admin,1,1,1,1
access_hackathon_winner_coordinator,hackathon.winner.coordinator,model_hackathon_winner,group_academic_coordinator,1,1,1,0

access_university_event_admin,university.event.admin,model_university_event,group_university_admin,1,1,1,1
access_university_event_coordinator,university.event.coordinator,model_university_event,group_academic_coordinator,1,1,1,0
access_university_event_student,university.event.student,model_university_event,group_student_portal,1,0,0,0
access_university_event_parent,university.event.parent,model_university_event,group_parent_portal,1,0,0,0

access_fee_discount_admin,fee.discount.admin,model_fee_discount,group_university_admin,1,1,1,1
access_fee_discount_accounts,fee.discount.accounts,model_fee_discount,group_accounts_manager,1,1,1,0
access_fee_discount_faculty,fee.discount.faculty,model_fee_discount,group_faculty,1,0,0,0
access_fee_discount_student,fee.discount.student,model_fee_discount,group_student_portal,1,0,0,0

access_fee_discount_application_admin,fee.discount.application.admin,model_fee_discount_application,group_university_admin,1,1,1,1
access_fee_discount_application_accounts,fee.discount.application.accounts,model_fee_discount_application,group_accounts_manager,1,1,1,0
access_fee_discount_application_faculty,fee.discount.application.faculty,model_fee_discount_application,group_faculty,1,0,0,0
access_fee_discount_application_student,fee.discount.application.student,model_fee_discount_application,group_student_portal,1,0,0,0

access_fee_payment_admin,fee.payment.admin,model_fee_payment,group_university_admin,1,1,1,1
access_fee_payment_accounts,fee.payment.accounts,model_fee_payment,group_accounts_manager,1,1,1,0
access_fee_payment_student,fee.payment.student,model_fee_payment,group_student_portal,1,0,0,0

access_fee_payment_line_admin,fee.payment.line.admin,model_fee_payment_line,group_university_admin,1,1,1,1
access_fee_payment_line_accounts,fee.payment.line.accounts,model_fee_payment_line,group_accounts_manager,1,1,1,0
access_fee_payment_line_student,fee.payment.line.student,model_fee_payment_line,group_student_portal,1,0,0,0

access_fee_reminder_admin,fee.reminder.admin,model_fee_reminder,group_university_admin,1,1,1,1
access_fee_reminder_accounts,fee.reminder.accounts,model_fee_reminder,group_accounts_manager,1,1,1,1
access_fee_reminder_student,fee.reminder.student,model_fee_reminder,group_student_portal,1,0,0,0

access_fee_structure_admin,fee.structure.admin,model_fee_structure,group_university_admin,1,1,1,1
access_fee_structure_accounts,fee.structure.accounts,model_fee_structure,group_accounts_manager,1,1,1,0
access_fee_structure_faculty,fee.structure.faculty,model_fee_structure,group_faculty,1,0,0,0
access_fee_structure_student,fee.structure.student,model_fee_structure,group_student_portal,1,0,0,0

access_fee_structure_line_admin,fee.structure.line.admin,model_fee_structure_line,group_university_admin,1,1,1,1
access_fee_structure_line_accounts,fee.structure.line.accounts,model_fee_structure_line,group_accounts_manager,1,1,1,0
access_fee_structure_line_faculty,fee.structure.line.faculty,model_fee_structure_line,group_faculty,1,0,0,0
access_fee_structure_line_student,fee.structure.line.student,model_fee_structure_line,group_student_portal,1,0,0,0

access_scholarship_scholarship_admin,scholarship.scholarship.admin,model_scholarship_scholarship,group_university_admin,1,1,1,1
access_scholarship_scholarship_accounts,scholarship.scholarship.accounts,model_scholarship_scholarship,group_accounts_manager,1,1,0,0
access_scholarship_scholarship_faculty,scholarship.scholarship.faculty,model_scholarship_scholarship,group_faculty,1,0,0,0
access_scholarship_scholarship_student,scholarship.scholarship.student,model_scholarship_scholarship,group_student_portal,1,0,0,0

access_scholarship_application_admin,scholarship.application.admin,model_scholarship_application,group_university_admin,1,1,1,1
access_scholarship_application_accounts,scholarship.application.accounts,model_scholarship_application,group_accounts_manager,1,1,0,0
access_scholarship_application_faculty,scholarship.application.faculty,model_scholarship_application,group_faculty,1,0,0,0
access_scholarship_application_student,scholarship.application.student,model_scholarship_application,group_student_portal,1,0,0,0

access_scholarship_document_type_admin,scholarship.document.type.admin,model_scholarship_document_type,group_university_admin,1,1,1,1
access_scholarship_document_type_accounts,scholarship.document.type.accounts,model_scholarship_document_type,group_accounts_manager,1,1,0,0
access_scholarship_document_type_faculty,scholarship.document.type.faculty,model_scholarship_document_type,group_faculty,1,0,0,0
access_scholarship_document_type_student,scholarship.document.type.student,model_scholarship_document_type,group_student_portal,1,0,0,0

access_scholarship_application_document_admin,scholarship.application.document.admin,model_scholarship_application_document,group_university_admin,1,1,1,1
access_scholarship_application_document_accounts,scholarship.application.document.accounts,model_scholarship_application_document,group_accounts_manager,1,1,0,0
access_scholarship_application_document_faculty,scholarship.application.document.faculty,model_scholarship_application_document,group_faculty,1,0,0,0
access_scholarship_application_document_student,scholarship.application.document.student,model_scholarship_application_document,group_student_portal,1,0,0,0

access_examination_evaluation_admin,examination.evaluation.admin,model_examination_evaluation,group_university_admin,1,1,1,1
access_examination_evaluation_controller,examination.evaluation.controller,model_examination_evaluation,group_exam_controller,1,1,1,0
access_examination_evaluation_faculty,examination.evaluation.faculty,model_examination_evaluation,group_faculty,1,1,1,0
access_examination_evaluation_student,examination.evaluation.student,model_examination_evaluation,group_student_portal,1,0,0,0

access_examination_result_admin,examination.result.admin,model_examination_result,group_university_admin,1,1,1,1
access_examination_result_controller,examination.result.controller,model_examination_result,group_exam_controller,1,1,1,0
access_examination_result_faculty,examination.result.faculty,model_examination_result,group_faculty,1,1,1,0
access_examination_result_student,examination.result.student,model_examination_result,group_student_portal,1,0,0,0

access_examination_seating_admin,examination.seating.admin,model_examination_seating,group_university_admin,1,1,1,1
access_examination_seating_controller,examination.seating.controller,model_examination_seating,group_exam_controller,1,1,1,0
access_examination_seating_faculty,examination.seating.faculty,model_examination_seating,group_faculty,1,1,1,0
access_examination_seating_student,examination.seating.student,model_examination_seating,group_student_portal,1,0,0,0

access_examination_timetable_admin,examination.timetable.admin,model_examination_timetable,group_university_admin,1,1,1,1
access_examination_timetable_controller,examination.timetable.controller,model_examination_timetable,group_exam_controller,1,1,1,0
access_examination_timetable_faculty,examination.timetable.faculty,model_examination_timetable,group_faculty,1,1,1,0
access_examination_timetable_student,examination.timetable.student,model_examination_timetable,group_student_portal,1,0,0,0

access_examination_examination_admin,examination.examination.admin,model_examination_examination,group_university_admin,1,1,1,1
access_examination_examination_controller,examination.examination.controller,model_examination_examination,group_exam_controller,1,1,1,0
access_examination_examination_faculty,examination.examination.faculty,model_examination_examination,group_faculty,1,1,1,0
access_examination_examination_student,examination.examination.student,model_examination_examination,group_student_portal,1,0,0,0

access_examination_grade_system_admin,examination.grade.system.admin,model_examination_grade_system,group_university_admin,1,1,1,1
access_examination_grade_system_controller,examination.grade.system.controller,model_examination_grade_system,group_exam_controller,1,1,1,0
access_examination_grade_system_faculty,examination.grade.system.faculty,model_examination_grade_system,group_faculty,1,1,1,0
access_examination_grade_system_student,examination.grade.system.student,model_examination_grade_system,group_student_portal,1,0,0,0

access_examination_hall_ticket_admin,examination.hall.ticket.admin,model_examination_hall_ticket,group_university_admin,1,1,1,1
access_examination_hall_ticket_controller,examination.hall.ticket.controller,model_examination_hall_ticket,group_exam_controller,1,1,1,0
access_examination_hall_ticket_faculty,examination.hall.ticket.faculty,model_examination_hall_ticket,group_faculty,1,1,1,0
access_examination_hall_ticket_student,examination.hall.ticket.student,model_examination_hall_ticket,group_student_portal,1,0,0,0

access_examination_marksheet_admin,examination.marksheet.admin,model_examination_marksheet,group_university_admin,1,1,1,1
access_examination_marksheet_controller,examination.marksheet.controller,model_examination_marksheet,group_exam_controller,1,1,1,0
access_examination_marksheet_faculty,examination.marksheet.faculty,model_examination_marksheet,group_faculty,1,1,1,0
access_examination_marksheet_student,examination.marksheet.student,model_examination_marksheet,group_student_portal,1,0,0,0

access_examination_revaluation_admin,examination.revaluation.admin,model_examination_revaluation,group_university_admin,1,1,1,1
access_examination_revaluation_controller,examination.revaluation.controller,model_examination_revaluation,group_exam_controller,1,1,1,0
access_examination_revaluation_faculty,examination.revaluation.faculty,model_examination_revaluation,group_faculty,1,1,1,0
access_examination_revaluation_student,examination.revaluation.student,model_examination_revaluation,group_student_portal,1,0,0,0

access_mcq_question_bank_admin,mcq.question.bank.admin,model_mcq_question_bank,group_university_admin,1,1,1,1
access_mcq_question_bank_controller,mcq.question.bank.controller,model_mcq_question_bank,group_exam_controller,1,1,1,0
access_mcq_question_bank_faculty,mcq.question.bank.faculty,model_mcq_question_bank,group_faculty,1,1,1,0
access_mcq_question_bank_student,mcq.question.bank.student,model_mcq_question_bank,group_student_portal,1,0,0,0

access_mcq_question_admin,mcq.question.admin,model_mcq_question,group_university_admin,1,1,1,1
access_mcq_question_controller,mcq.question.controller,model_mcq_question,group_exam_controller,1,1,1,0
access_mcq_question_faculty,mcq.question.faculty,model_mcq_question,group_faculty,1,1,1,0
access_mcq_question_student,mcq.question.student,model_mcq_question,group_student_portal,1,0,0,0

access_mcq_question_option_admin,mcq.question.option.admin,model_mcq_question_option,group_university_admin,1,1,1,1
access_mcq_question_option_controller,mcq.question.option.controller,model_mcq_question_option,group_exam_controller,1,1,1,0
access_mcq_question_option_faculty,mcq.question.option.faculty,model_mcq_question_option,group_faculty,1,1,1,0
access_mcq_question_option_student,mcq.question.option.student,model_mcq_question_option,group_student_portal,1,0,0,0

access_mcq_question_tag_admin,mcq.question.tag.admin,model_mcq_question_tag,group_university_admin,1,1,1,1
access_mcq_question_tag_controller,mcq.question.tag.controller,model_mcq_question_tag,group_exam_controller,1,1,1,0
access_mcq_question_tag_faculty,mcq.question.tag.faculty,model_mcq_question_tag,group_faculty,1,1,1,0
access_mcq_question_tag_student,mcq.question.tag.student,model_mcq_question_tag,group_student_portal,1,0,0,0

access_online_exam_admin,online.exam.admin,model_online_exam,group_university_admin,1,1,1,1
access_online_exam_controller,online.exam.controller,model_online_exam,group_exam_controller,1,1,1,0
access_online_exam_faculty,online.exam.faculty,model_online_exam,group_faculty,1,1,1,0
access_online_exam_student,online.exam.student,model_online_exam,group_student_portal,1,0,0,0

access_online_exam_attempt_admin,online.exam.attempt.admin,model_online_exam_attempt,group_university_admin,1,1,1,1
access_online_exam_attempt_controller,online.exam.attempt.controller,model_online_exam_attempt,group_exam_controller,1,1,1,0
access_online_exam_attempt_faculty,online.exam.attempt.faculty,model_online_exam_attempt,group_faculty,1,1,1,0
access_online_exam_attempt_student,online.exam.attempt.student,model_online_exam_attempt,group_student_portal,1,1,1,0

access_online_exam_response_admin,online.exam.response.admin,model_online_exam_response,group_university_admin,1,1,1,1
access_online_exam_response_controller,online.exam.response.controller,model_online_exam_response,group_exam_controller,1,1,1,0
access_online_exam_response_faculty,online.exam.response.faculty,model_online_exam_response,group_faculty,1,1,1,0
access_online_exam_response_student,online.exam.response.student,model_online_exam_response,group_student_portal,1,1,1,0

access_wizard_auto_evaluate_admin,wizard.auto.evaluate.admin,model_wizard_auto_evaluate_exam,group_university_admin,1,1,1,1
access_wizard_auto_evaluate_controller,wizard.auto.evaluate.controller,model_wizard_auto_evaluate_exam,group_exam_controller,1,1,1,0

access_wizard_generate_seating_admin,wizard.generate.seating.admin,model_generate_examination_seating_wizard,group_university_admin,1,1,1,1
access_wizard_generate_seating_controller,wizard.generate.seating.controller,model_generate_examination_seating_wizard,group_exam_controller,1,1,1,0

access_faculty_faculty_admin,faculty.faculty.admin,model_faculty_faculty,group_university_admin,1,1,1,1
access_faculty_faculty_controller,faculty.faculty.controller,model_faculty_faculty,group_exam_controller,1,1,0,0
access_faculty_faculty_faculty,faculty.faculty.faculty,model_faculty_faculty,group_faculty,1,1,0,0
access_faculty_faculty_student,faculty.faculty.student,model_faculty_faculty,group_student_portal,1,0,0,0

access_faculty_attendance_admin,faculty.attendance.admin,model_faculty_attendance,group_university_admin,1,1,1,1
access_faculty_attendance_controller,faculty.attendance.controller,model_faculty_attendance,group_exam_controller,1,1,1,0
access_faculty_attendance_faculty,faculty.attendance.faculty,model_faculty_attendance,group_faculty,1,1,1,0
access_faculty_attendance_student,faculty.attendance.student,model_faculty_attendance,group_student_portal,1,0,0,0

access_faculty_attendance_regularization_admin,faculty.attendance.regularization.admin,model_faculty_attendance_regularization,university_management.group_university_admin,1,1,1,1
access_faculty_attendance_regularization_hr,faculty.attendance.regularization.hr,model_faculty_attendance_regularization,hr.group_hr_manager,1,1,1,1
access_faculty_attendance_regularization_hod,faculty.attendance.regularization.hod,model_faculty_attendance_regularization,university_management.group_hod,1,1,1,0
access_faculty_attendance_regularization_faculty,faculty.attendance.regularization.faculty,model_faculty_attendance_regularization,university_management.group_faculty,1,1,1,1

access_faculty_designation_admin,faculty.designation.admin,model_faculty_designation,group_university_admin,1,1,1,1
access_faculty_designation_controller,faculty.designation.controller,model_faculty_designation,group_exam_controller,1,1,0,0
access_faculty_designation_faculty,faculty.designation.faculty,model_faculty_designation,group_faculty,1,0,0,0
access_faculty_designation_student,faculty.designation.student,model_faculty_designation,group_student_portal,1,0,0,0

access_faculty_qualification_admin,faculty.qualification.admin,model_faculty_qualification,group_university_admin,1,1,1,1
access_faculty_qualification_controller,faculty.qualification.controller,model_faculty_qualification,group_exam_controller,1,1,0,0
access_faculty_qualification_faculty,faculty.qualification.faculty,model_faculty_qualification,group_faculty,1,0,0,0
access_faculty_qualification_student,faculty.qualification.student,model_faculty_qualification,group_student_portal,1,0,0,0

access_faculty_evaluation_admin,faculty.evaluation.admin,model_faculty_evaluation,group_university_admin,1,1,1,1
access_faculty_evaluation_controller,faculty.evaluation.controller,model_faculty_evaluation,group_exam_controller,1,1,1,0
access_faculty_evaluation_faculty,faculty.evaluation.faculty,model_faculty_evaluation,group_faculty,1,1,1,0
access_faculty_evaluation_student,faculty.evaluation.student,model_faculty_evaluation,group_student_portal,1,0,0,0

access_faculty_leave_admin,faculty.leave.admin,model_faculty_leave,group_university_admin,1,1,1,1
access_faculty_leave_controller,faculty.leave.controller,model_faculty_leave,group_exam_controller,1,1,0,0
access_faculty_leave_faculty,faculty.leave.faculty,model_faculty_leave,group_faculty,1,1,1,0
access_faculty_leave_student,faculty.leave.student,model_faculty_leave,group_student_portal,1,0,0,0

access_faculty_salary_admin,faculty.salary.admin,model_faculty_salary,group_university_admin,1,1,1,1
access_faculty_salary_controller,faculty.salary.controller,model_faculty_salary,group_exam_controller,1,1,0,0
access_faculty_salary_faculty,faculty.salary.faculty,model_faculty_salary,group_faculty,1,0,0,0
access_faculty_salary_student,faculty.salary.student,model_faculty_salary,group_student_portal,0,0,0,0

access_faculty_workload_admin,faculty.workload.admin,model_faculty_workload,group_university_admin,1,1,1,1
access_faculty_workload_controller,faculty.workload.controller,model_faculty_workload,group_exam_controller,1,1,0,0
access_faculty_workload_faculty,faculty.workload.faculty,model_faculty_workload,group_faculty,1,1,0,0
access_faculty_workload_student,faculty.workload.student,model_faculty_workload,group_student_portal,1,0,0,0

access_faculty_form16_admin,faculty.form16.admin,model_faculty_form16,group_university_admin,1,1,1,1
access_faculty_form16_coord,faculty.form16.coord,model_faculty_form16,group_academic_coordinator,1,1,0,0

access_library_book_admin,library.book.admin,model_library_book,group_university_admin,1,1,1,1
access_library_book_librarian,library.book.librarian,model_library_book,group_librarian,1,1,1,0
access_library_book_all,library.book.all,model_library_book,base.group_user,1,0,0,0

access_library_category_admin,library.category.admin,model_library_category,group_university_admin,1,1,1,1
access_library_category_librarian,library.category.librarian,model_library_category,group_librarian,1,1,1,0
access_library_category_all,library.category.all,model_library_category,base.group_user,1,0,0,0

access_library_fine_admin,library.fine.admin,model_library_fine,group_university_admin,1,1,1,1
access_library_fine_librarian,library.fine.librarian,model_library_fine,group_librarian,1,1,1,0
access_library_fine_all,library.fine.all,model_library_fine,base.group_user,1,0,0,0
access_library_fine_student,library.fine.student,model_library_fine,group_student_portal,1,0,0,0

access_library_issue_admin,library.issue.admin,model_library_issue,group_university_admin,1,1,1,1
access_library_issue_librarian,library.issue.librarian,model_library_issue,group_librarian,1,1,1,0
access_library_issue_member,library.issue.member,model_library_issue,group_student_portal,1,0,0,0

access_library_member_admin,library.member.admin,model_library_member,group_university_admin,1,1,1,1
access_library_member_librarian,library.member.librarian,model_library_member,group_librarian,1,1,1,0
access_library_member_all,library.member.all,model_library_member,base.group_user,1,0,0,0

access_library_reservation_admin,library.reservation.admin,model_library_reservation,group_university_admin,1,1,1,1
access_library_reservation_librarian,library.reservation.librarian,model_library_reservation,group_librarian,1,1,1,0
access_library_reservation_member,library.reservation.member,model_library_reservation,group_student_portal,1,1,1,0

access_library_author_admin,library.author.admin,model_library_author,group_university_admin,1,1,1,1
access_library_author_librarian,library.author.librarian,model_library_author,group_librarian,1,1,1,0
access_library_author_student,library.author.student,model_library_author,group_student_portal,1,0,0,0

access_library_rack_admin,library.rack.admin,model_library_rack,group_university_admin,1,1,1,1
access_library_rack_librarian,library.rack.librarian,model_library_rack,group_librarian,1,1,1,0
access_library_rack_student,library.rack.student,model_library_rack,group_student_portal,1,0,0,0

access_library_digital_collection_admin,library.digital.collection.admin,model_library_digital_collection,group_university_admin,1,1,1,1
access_library_digital_collection_librarian,library.digital.collection.librarian,model_library_digital_collection,group_librarian,1,1,1,0
access_library_digital_collection_all,library.digital.collection.all,model_library_digital_collection,base.group_user,1,0,0,0

access_library_digital_resource_admin,library.digital.resource.admin,model_library_digital_resource,group_university_admin,1,1,1,1
access_library_digital_resource_librarian,library.digital.resource.librarian,model_library_digital_resource,group_librarian,1,1,1,0
access_library_digital_resource_all,library.digital.resource.all,model_library_digital_resource,base.group_user,1,0,0,0
access_library_digital_resource_student,library.digital.resource.student,model_library_digital_resource,group_student_portal,1,0,0,0

access_library_digital_access_admin,library.digital.access.admin,model_library_digital_access,group_university_admin,1,1,1,1
access_library_digital_access_librarian,library.digital.access.librarian,model_library_digital_access,group_librarian,1,1,0,0
access_library_digital_access_student,library.digital.access.student,model_library_digital_access,group_student_portal,1,1,1,0

access_library_opac_search_log_admin,library.opac.search.log.admin,model_library_opac_search_log,group_university_admin,1,1,1,1
access_library_opac_search_log_librarian,library.opac.search.log.librarian,model_library_opac_search_log,group_librarian,1,1,1,0

access_hostel_hostel_admin,hostel.hostel.admin,model_hostel_hostel,group_university_admin,1,1,1,1
access_hostel_hostel_warden,hostel.hostel.warden,model_hostel_hostel,group_hostel_warden,1,1,0,0
access_hostel_hostel_student,hostel.hostel.student,model_hostel_hostel,group_student_portal,1,0,0,0

access_hostel_allocation_admin,hostel.allocation.admin,model_hostel_allocation,group_university_admin,1,1,1,1
access_hostel_allocation_warden,hostel.allocation.warden,model_hostel_allocation,group_hostel_warden,1,1,1,0
access_hostel_allocation_student,hostel.allocation.student,model_hostel_allocation,group_student_portal,1,0,0,0

access_hostel_attendance_admin,hostel.attendance.admin,model_hostel_attendance,group_university_admin,1,1,1,1
access_hostel_attendance_warden,hostel.attendance.warden,model_hostel_attendance,group_hostel_warden,1,1,1,0
access_hostel_attendance_student,hostel.attendance.student,model_hostel_attendance,group_student_portal,1,0,0,0

access_hostel_complaint_admin,hostel.complaint.admin,model_hostel_complaint,group_university_admin,1,1,1,1
access_hostel_complaint_warden,hostel.complaint.warden,model_hostel_complaint,group_hostel_warden,1,1,1,0
access_hostel_complaint_student,hostel.complaint.student,model_hostel_complaint,group_student_portal,1,1,1,0

access_hostel_mess_admin,hostel.mess.admin,model_hostel_mess,group_university_admin,1,1,1,1
access_hostel_mess_warden,hostel.mess.warden,model_hostel_mess,group_hostel_warden,1,1,1,0
access_hostel_mess_student,hostel.mess.student,model_hostel_mess,group_student_portal,1,0,0,0

access_hostel_room_admin,hostel.room.admin,model_hostel_room,group_university_admin,1,1,1,1
access_hostel_room_warden,hostel.room.warden,model_hostel_room,group_hostel_warden,1,1,1,0
access_hostel_room_student,hostel.room.student,model_hostel_room,group_student_portal,1,0,0,0

access_hostel_visitor_admin,hostel.visitor.admin,model_hostel_visitor,group_university_admin,1,1,1,1
access_hostel_visitor_warden,hostel.visitor.warden,model_hostel_visitor,group_hostel_warden,1,1,1,1
access_hostel_visitor_student,hostel.visitor.student,model_hostel_visitor,group_student_portal,1,1,1,0

access_mess_attendance_admin,mess.attendance.admin,model_mess_attendance,group_university_admin,1,1,1,1
access_mess_attendance_warden,mess.attendance.warden,model_mess_attendance,group_hostel_warden,1,1,1,0
access_mess_attendance_student,mess.attendance.student,model_mess_attendance,group_student_portal,1,0,0,0

access_mess_feedback_admin,mess.feedback.admin,model_mess_feedback,group_university_admin,1,1,1,1
access_mess_feedback_warden,mess.feedback.warden,model_mess_feedback,group_hostel_warden,1,1,0,0
access_mess_feedback_student,mess.feedback.student,model_mess_feedback,group_student_portal,1,1,1,0

access_mess_item_admin,mess.item.admin,model_mess_item,group_university_admin,1,1,1,1
access_mess_item_warden,mess.item.warden,model_mess_item,group_hostel_warden,1,1,1,0
access_mess_item_student,mess.item.student,model_mess_item,group_student_portal,1,0,0,0

access_mess_menu_admin,mess.menu.admin,model_mess_menu,group_university_admin,1,1,1,1
access_mess_menu_warden,mess.menu.warden,model_mess_menu,group_hostel_warden,1,1,1,0
access_mess_menu_student,mess.menu.student,model_mess_menu,group_student_portal,1,0,0,0

access_internship_internship_admin,internship.internship.admin,model_internship_internship,group_university_admin,1,1,1,1
access_internship_internship_faculty,internship.internship.faculty,model_internship_internship,group_faculty,1,1,1,0
access_internship_internship_student,internship.internship.student,model_internship_internship,group_student_portal,1,1,1,0

access_internship_company_admin,internship.company.admin,model_internship_company,group_university_admin,1,1,1,1
access_internship_company_faculty,internship.company.faculty,model_internship_company,group_faculty,1,1,1,0
access_internship_company_student,internship.company.student,model_internship_company,group_student_portal,1,0,0,0

access_internship_evaluation_admin,internship.evaluation.admin,model_internship_evaluation,group_university_admin,1,1,1,1
access_internship_evaluation_faculty,internship.evaluation.faculty,model_internship_evaluation,group_faculty,1,1,1,0
access_internship_evaluation_student,internship.evaluation.student,model_internship_evaluation,group_student_portal,1,0,0,0

access_internship_report_admin,internship.report.admin,model_internship_report,group_university_admin,1,1,1,1
access_internship_report_faculty,internship.report.faculty,model_internship_report,group_faculty,1,1,1,0
access_internship_report_student,internship.report.student,model_internship_report,group_student_portal,1,1,1,0

access_placement_drive_admin,placement.drive.admin,model_placement_drive,group_university_admin,1,1,1,1
access_placement_drive_officer,placement.drive.officer,model_placement_drive,group_placement_officer,1,1,1,0
access_placement_drive_student,placement.drive.student,model_placement_drive,group_student_portal,1,0,0,0

access_placement_application_admin,placement.application.admin,model_placement_application,group_university_admin,1,1,1,1
access_placement_application_officer,placement.application.officer,model_placement_application,group_placement_officer,1,1,1,0
access_placement_application_student,placement.application.student,model_placement_application,group_student_portal,1,1,1,0

access_placement_company_admin,placement.company.admin,model_placement_company,group_university_admin,1,1,1,1
access_placement_company_officer,placement.company.officer,model_placement_company,group_placement_officer,1,1,1,0
access_placement_company_student,placement.company.student,model_placement_company,group_student_portal,1,0,0,0

access_placement_coordinator_admin,placement.coordinator.admin,model_placement_coordinator,group_university_admin,1,1,1,1
access_placement_coordinator_officer,placement.coordinator.officer,model_placement_coordinator,group_placement_officer,1,1,1,0
access_placement_coordinator_faculty,placement.coordinator.faculty,model_placement_coordinator,group_faculty,1,1,1,0

access_placement_offer_admin,placement.offer.admin,model_placement_offer,group_university_admin,1,1,1,1
access_placement_offer_officer,placement.offer.officer,model_placement_offer,group_placement_officer,1,1,1,0
access_placement_offer_student,placement.offer.student,model_placement_offer,group_student_portal,1,0,0,0

access_placement_training_admin,placement.training.admin,model_placement_training,group_university_admin,1,1,1,1
access_placement_training_officer,placement.training.officer,model_placement_training,group_placement_officer,1,1,1,0
access_placement_training_student,placement.training.student,model_placement_training,group_student_portal,1,1,1,0

access_project_evaluation_admin,project.evaluation.admin,model_project_evaluation,group_university_admin,1,1,1,1
access_project_evaluation_faculty,project.evaluation.faculty,model_project_evaluation,group_faculty,1,1,1,0
access_project_evaluation_student,project.evaluation.student,model_project_evaluation,group_student_portal,1,0,0,0

access_project_guide_admin,project.guide.admin,model_project_guide,group_university_admin,1,1,1,1
access_project_guide_faculty,project.guide.faculty,model_project_guide,group_faculty,1,1,1,0

access_project_presentation_admin,project.presentation.admin,model_project_presentation,group_university_admin,1,1,1,1
access_project_presentation_faculty,project.presentation.faculty,model_project_presentation,group_faculty,1,1,1,0
access_project_presentation_student,project.presentation.student,model_project_presentation,group_student_portal,1,1,1,0

access_student_project_admin,student.project.admin,model_student_project,group_university_admin,1,1,1,1
access_student_project_faculty,student.project.faculty,model_student_project,group_faculty,1,1,1,0
access_student_project_student,student.project.student,model_student_project,group_student_portal,1,1,1,0

access_student_student_admin,student.student.admin,model_student_student,group_university_admin,1,1,1,1
access_student_student_admission,student.student.admission,model_student_student,group_admission_officer,1,1,1,0
access_student_student_faculty,student.student.faculty,model_student_student,group_faculty,1,1,0,0
access_student_student_student,student.student.student,model_student_student,group_student_portal,1,0,0,0
access_student_student_parent,student.student.parent,model_student_student,group_parent_portal,1,0,0,0

access_student_admission_admin,student.admission.admin,model_student_admission,group_university_admin,1,1,1,1
access_student_admission_officer,student.admission.officer,model_student_admission,group_admission_officer,1,1,1,0
access_student_admission_faculty,student.admission.faculty,model_student_admission,group_faculty,1,0,0,0
access_student_admission_student,student.admission.student,model_student_admission,group_student_portal,1,1,1,0

access_student_attendance_admin,student.attendance.admin,model_student_attendance,group_university_admin,1,1,1,1
access_student_attendance_faculty,student.attendance.faculty,model_student_attendance,group_faculty,1,1,1,0
access_student_attendance_student,student.attendance.student,model_student_attendance,group_student_portal,1,0,0,0

access_student_discipline_admin,student.discipline.admin,model_student_discipline,group_university_admin,1,1,1,1
access_student_discipline_faculty,student.discipline.faculty,model_student_discipline,group_faculty,1,1,1,0
access_student_discipline_student,student.discipline.student,model_student_discipline,group_student_portal,1,0,0,0

access_student_document_admin,student.document.admin,model_student_document,group_university_admin,1,1,1,1
access_student_document_admission,student.document.admission,model_student_document,group_admission_officer,1,1,1,0
access_student_document_student,student.document.student,model_student_document,group_student_portal,1,1,1,0

access_student_id_card_admin,student.id.card.admin,model_student_id_card,group_university_admin,1,1,1,1
access_student_id_card_officer,student.id.card.officer,model_student_id_card,group_admission_officer,1,1,1,0
access_student_id_card_student,student.id.card.student,model_student_id_card,group_student_portal,1,0,0,0

access_student_parent_admin,student.parent.admin,model_student_parent,group_university_admin,1,1,1,1
access_student_parent_admission,student.parent.admission,model_student_parent,group_admission_officer,1,1,1,0
access_student_parent_faculty,student.parent.faculty,model_student_parent,group_faculty,1,1,0,0
access_student_parent_portal,student.parent.portal,model_student_parent,group_parent_portal,1,0,0,0

access_student_registration_admin,student.registration.admin,model_student_registration,group_university_admin,1,1,1,1
access_student_registration_officer,student.registration.officer,model_student_registration,group_admission_officer,1,1,1,0
access_student_registration_student,student.registration.student,model_student_registration,group_student_portal,1,1,1,0

access_student_leave_admin,student.leave.admin,model_student_leave,group_university_admin,1,1,1,1
access_student_leave_coordinator,student.leave.coordinator,model_student_leave,group_academic_coordinator,1,1,1,0
access_student_leave_faculty,student.leave.faculty,model_student_leave,group_faculty,1,1,1,0
access_student_leave_student,student.leave.student,model_student_leave,group_student_portal,1,1,1,0
access_student_leave_parent,student.leave.parent,model_student_leave,group_parent_portal,1,0,0,0

access_student_enquiry_admin,student.enquiry.admin,model_student_enquiry,group_university_admin,1,1,1,1
access_student_enquiry_officer,student.enquiry.officer,model_student_enquiry,group_admission_officer,1,1,1,0
access_student_enquiry_faculty,student.enquiry.faculty,model_student_enquiry,group_faculty,1,0,0,0
access_student_enquiry_user,student.enquiry.user,model_student_enquiry,base.group_user,1,1,1,0

access_student_seat_blocking_admin,student.seat.blocking.admin,model_student_seat_blocking,group_university_admin,1,1,1,1
access_student_seat_blocking_officer,student.seat.blocking.officer,model_student_seat_blocking,group_admission_officer,1,1,1,0
access_student_seat_blocking_faculty,student.seat.blocking.faculty,model_student_seat_blocking,group_faculty,1,0,0,0

access_student_counselling_session_admin,student.counselling.session.admin,model_student_counselling_session,group_university_admin,1,1,1,1
access_student_counselling_session_officer,student.counselling.session.officer,model_student_counselling_session,group_admission_officer,1,1,1,0
access_student_counselling_session_faculty,student.counselling.session.faculty,model_student_counselling_session,group_faculty,1,0,0,0

access_student_assignment_admin,student.assignment.admin,model_student_assignment,group_university_admin,1,1,1,1
access_student_assignment_coord,student.assignment.coord,model_student_assignment,group_academic_coordinator,1,1,1,0
access_student_assignment_faculty,student.assignment.faculty,model_student_assignment,group_faculty,1,1,1,0
access_student_assignment_student,student.assignment.student,model_student_assignment,group_student_portal,1,0,0,0

access_student_assignment_submission_admin,student.assignment.submission.admin,model_student_assignment_submission,group_university_admin,1,1,1,1
access_student_assignment_submission_coord,student.assignment.submission.coord,model_student_assignment_submission,group_academic_coordinator,1,1,0,0
access_student_assignment_submission_faculty,student.assignment.submission.faculty,model_student_assignment_submission,group_faculty,1,1,1,0
access_student_assignment_submission_student,student.assignment.submission.student,model_student_assignment_submission,group_student_portal,1,1,1,0

access_student_assignment_criteria_admin,student.assignment.criteria.admin,model_student_assignment_criteria,group_university_admin,1,1,1,1
access_student_assignment_criteria_coord,student.assignment.criteria.coord,model_student_assignment_criteria,group_academic_coordinator,1,1,0,0
access_student_assignment_criteria_faculty,student.assignment.criteria.faculty,model_student_assignment_criteria,group_faculty,1,1,1,0
access_student_assignment_criteria_student,student.assignment.criteria.student,model_student_assignment_criteria,group_student_portal,1,0,0,0

access_student_assignment_submission_score_admin,student.assignment.submission.score.admin,model_student_assignment_submission_score,group_university_admin,1,1,1,1
access_student_assignment_submission_score_coord,student.assignment.submission.score.coord,model_student_assignment_submission_score,group_academic_coordinator,1,1,0,0
access_student_assignment_submission_score_faculty,student.assignment.submission.score.faculty,model_student_assignment_submission_score,group_faculty,1,1,1,0
access_student_assignment_submission_score_student,student.assignment.submission.score.student,model_student_assignment_submission_score,group_student_portal,1,0,0,0

access_id_card_request_admin,id.card.request.admin,model_id_card_request,group_university_admin,1,1,1,1
access_id_card_request_coordinator,id.card.request.coordinator,model_id_card_request,group_academic_coordinator,1,1,1,0
access_id_card_request_faculty,id.card.request.faculty,model_id_card_request,group_faculty,1,1,1,0
access_id_card_request_student,id.card.request.student,model_id_card_request,group_student_portal,1,1,1,0
access_id_card_request_parent,id.card.request.parent,model_id_card_request,group_parent_portal,1,0,0,0

access_class_timetable_admin,class.timetable.admin,model_class_timetable,group_university_admin,1,1,1,1
access_class_timetable_faculty,class.timetable.faculty,model_class_timetable,group_faculty,1,1,1,0
access_class_timetable_student,class.timetable.student,model_class_timetable,group_student_portal,1,0,0,0

access_faculty_timetable_admin,faculty.timetable.admin,model_faculty_timetable,group_university_admin,1,1,1,1
access_faculty_timetable_faculty,faculty.timetable.faculty,model_faculty_timetable,group_faculty,1,1,1,0
access_faculty_timetable_student,faculty.timetable.student,model_faculty_timetable,group_student_portal,1,0,0,0

access_lab_schedule_admin,lab.schedule.admin,model_lab_schedule,group_university_admin,1,1,1,1
access_lab_schedule_faculty,lab.schedule.faculty,model_lab_schedule,group_faculty,1,1,1,0
access_lab_schedule_student,lab.schedule.student,model_lab_schedule,group_student_portal,1,0,0,0

access_timetable_substitution_admin,timetable.substitution.admin,model_timetable_substitution,group_university_admin,1,1,1,1
access_timetable_substitution_faculty,timetable.substitution.faculty,model_timetable_substitution,group_faculty,1,1,1,0
access_timetable_substitution_student,timetable.substitution.student,model_timetable_substitution,group_student_portal,1,0,0,0

access_transport_allocation_admin,transport.allocation.admin,model_transport_allocation,group_university_admin,1,1,1,1
access_transport_allocation_manager,transport.allocation.manager,model_transport_allocation,group_transport_manager,1,1,1,0
access_transport_allocation_student,transport.allocation.student,model_transport_allocation,group_student_portal,1,0,0,0

access_transport_driver_admin,transport.driver.admin,model_transport_driver,group_university_admin,1,1,1,1
access_transport_driver_manager,transport.driver.manager,model_transport_driver,group_transport_manager,1,1,1,0
access_transport_driver_student,transport.driver.student,model_transport_driver,group_student_portal,1,0,0,0

access_transport_fee_admin,transport.fee.admin,model_transport_fee,group_university_admin,1,1,1,1
access_transport_fee_manager,transport.fee.manager,model_transport_fee,group_transport_manager,1,1,1,0
access_transport_fee_student,transport.fee.student,model_transport_fee,group_student_portal,1,0,0,0

access_transport_route_admin,transport.route.admin,model_transport_route,group_university_admin,1,1,1,1
access_transport_route_manager,transport.route.manager,model_transport_route,group_transport_manager,1,1,1,0
access_transport_route_student,transport.route.student,model_transport_route,group_student_portal,1,0,0,0

access_transport_stop_admin,transport.stop.admin,model_transport_stop,group_university_admin,1,1,1,1
access_transport_stop_manager,transport.stop.manager,model_transport_stop,group_transport_manager,1,1,1,0
access_transport_stop_student,transport.stop.student,model_transport_stop,group_student_portal,1,0,0,0

access_transport_vehicle_admin,transport.vehicle.admin,model_transport_vehicle,group_university_admin,1,1,1,1
access_transport_vehicle_manager,transport.vehicle.manager,model_transport_vehicle,group_transport_manager,1,1,1,0
access_transport_vehicle_driver,transport.vehicle.driver,model_transport_vehicle,group_transport_driver,1,0,0,0
access_transport_vehicle_student,transport.vehicle.student,model_transport_vehicle,group_student_portal,1,0,0,0

access_generate_hall_ticket_wizard,Generate Hall Ticket Wizard,university_management.model_generate_examination_hall_ticket_wizard,,1,1,1,1
access_generate_hall_ticket_wizard_line,Generate Hall Ticket Wizard Line,university_management.model_generate_examination_hall_ticket_wizard_line,,1,1,1,1

access_attendance_report_wizard,Attendance Report Wizard,model_attendance_report_wizard,group_university_admin,1,1,1,1
access_attendance_report_wizard_coordinator,Attendance Report Wizard Coordinator,model_attendance_report_wizard,group_academic_coordinator,1,1,1,0
access_attendance_report_wizard_faculty,Attendance Report Wizard Faculty,model_attendance_report_wizard,group_faculty,1,1,1,0

access_promote_student_wizard,Promote Student Wizard,model_promote_student_wizard,group_university_admin,1,1,1,1
access_promote_student_wizard_coordinator,Promote Student Wizard Coordinator,model_promote_student_wizard,group_academic_coordinator,1,1,1,0
access_promote_student_wizard_faculty,Promote Student Wizard Faculty,model_promote_student_wizard,group_faculty,1,1,1,0

access_placement_report_wizard,Placement Report Wizard,model_placement_report_wizard,group_university_admin,1,1,1,1
access_placement_report_wizard_coordinator,Placement Report Wizard Coordinator,model_placement_report_wizard,group_academic_coordinator,1,1,1,0
access_placement_report_wizard_faculty,Placement Report Wizard Faculty,model_placement_report_wizard,group_faculty,1,1,1,0

access_university_dashboard,access_university_dashboard,university_management.model_university_dashboard,group_university_admin,1,1,1,1
access_bulk_admission_wizard,access_bulk_admission_wizard,university_management.model_bulk_admission_wizard,group_university_admin,1,1,1,1
access_bulk_id_card_wizard,access_bulk_id_card_wizard,university_management.model_bulk_id_card_wizard,group_university_admin,1,1,1,1
access_bulk_registration_wizard,access_bulk_registration_wizard,university_management.model_bulk_registration_wizard,group_university_admin,1,1,1,1
access_bulk_registration_wizard_line,access_bulk_registration_wizard_line,university_management.model_bulk_registration_wizard_line,group_university_admin,1,1,1,1
access_fee_reminder_wizard,access_fee_reminder_wizard,university_management.model_fee_reminder_wizard,group_university_admin,1,1,1,1
access_promote_student_wizard,access_promote_student_wizard,university_management.model_promote_student_wizard,group_university_admin,1,1,1,1
access_promote_student_wizard_line,access_promote_student_wizard_line,university_management.model_promote_student_wizard_line,group_university_admin,1,1,1,1
access_publish_result_wizard,access_publish_result_wizard,university_management.model_publish_result_wizard,group_university_admin,1,1,1,1

access_iic_speaker_admin,iic.speaker.admin,model_iic_speaker,group_university_admin,1,1,1,1
access_iic_speaker_faculty,iic.speaker.faculty,model_iic_speaker,group_faculty,1,1,1,0
access_iic_speaker_coordinator,iic.speaker.coordinator,model_iic_speaker,group_academic_coordinator,1,1,1,0

access_iic_event_admin,iic.event.admin,model_iic_event,group_university_admin,1,1,1,1
access_iic_event_faculty,iic.event.faculty,model_iic_event,group_faculty,1,1,1,0
access_iic_event_coordinator,iic.event.coordinator,model_iic_event,group_academic_coordinator,1,1,1,0
access_iic_event_student,iic.event.student,model_iic_event,group_student_portal,1,0,0,0

access_iic_attendance_admin,iic.attendance.admin,model_iic_attendance,group_university_admin,1,1,1,1
access_iic_attendance_faculty,iic.attendance.faculty,model_iic_attendance,group_faculty,1,1,1,0
access_iic_attendance_student,iic.attendance.student,model_iic_attendance,group_student_portal,1,0,0,0

access_iic_media_admin,iic.media.admin,model_iic_media,group_university_admin,1,1,1,1
access_iic_media_faculty,iic.media.faculty,model_iic_media,group_faculty,1,1,1,0

access_iic_media_image_admin,iic.media.image.admin,model_iic_media_image,group_university_admin,1,1,1,1
access_iic_media_image_faculty,iic.media.image.faculty,model_iic_media_image,group_faculty,1,1,1,0

access_iic_event_report_admin,iic.event.report.admin,model_iic_event_report,group_university_admin,1,1,1,1
access_iic_event_report_faculty,iic.event.report.faculty,model_iic_event_report,group_faculty,1,1,1,0

access_iic_poster_admin,iic.poster.admin,model_iic_poster,group_university_admin,1,1,1,1
access_iic_poster_faculty,iic.poster.faculty,model_iic_poster,group_faculty,1,1,1,0

access_iic_approval_log_admin,iic.approval.log.admin,model_iic_approval_log,group_university_admin,1,1,1,1
access_iic_approval_log_faculty,iic.approval.log.faculty,model_iic_approval_log,group_faculty,1,0,0,0

access_iic_dashboard_admin,iic.dashboard.admin,model_iic_dashboard,group_university_admin,1,1,1,1
access_iic_dashboard_faculty,iic.dashboard.faculty,model_iic_dashboard,group_faculty,1,0,0,0

access_iic_report_wizard_admin,iic.report.wizard.admin,model_iic_report_wizard,group_university_admin,1,1,1,1
access_iic_report_wizard_faculty,iic.report.wizard.faculty,model_iic_report_wizard,group_faculty,1,1,1,0

access_bulk_attendance_wizard_admin,bulk.attendance.wizard.admin,model_bulk_attendance_wizard,group_university_admin,1,1,1,1
access_bulk_attendance_wizard_faculty,bulk.attendance.wizard.faculty,model_bulk_attendance_wizard,group_faculty,1,1,1,0
access_bulk_attendance_wizard_line_admin,bulk.attendance.wizard.line.admin,model_bulk_attendance_wizard_line,group_university_admin,1,1,1,1
access_bulk_attendance_wizard_line_faculty,bulk.attendance.wizard.line.faculty,model_bulk_attendance_wizard_line,group_faculty,1,1,1,0

access_naac_criterion_admin,naac.criterion.admin,model_naac_criterion,group_university_admin,1,1,1,1
access_naac_criterion_faculty,naac.criterion.faculty,model_naac_criterion,group_faculty,1,0,0,0
access_naac_criterion_coordinator,naac.criterion.coordinator,model_naac_criterion,group_academic_coordinator,1,1,1,0

access_naac_metric_admin,naac.metric.admin,model_naac_metric,group_university_admin,1,1,1,1
access_naac_metric_faculty,naac.metric.faculty,model_naac_metric,group_faculty,1,0,0,0
access_naac_metric_coordinator,naac.metric.coordinator,model_naac_metric,group_academic_coordinator,1,1,1,0

access_naac_dept_activity_admin,naac.department.activity.admin,model_naac_department_activity,group_university_admin,1,1,1,1
access_naac_dept_activity_faculty,naac.department.activity.faculty,model_naac_department_activity,group_faculty,1,1,1,0
access_naac_dept_activity_coordinator,naac.department.activity.coordinator,model_naac_department_activity,group_academic_coordinator,1,1,1,0

access_naac_evidence_admin,naac.evidence.admin,model_naac_evidence,group_university_admin,1,1,1,1
access_naac_evidence_faculty,naac.evidence.faculty,model_naac_evidence,group_faculty,1,1,1,0
access_naac_evidence_coordinator,naac.evidence.coordinator,model_naac_evidence,group_academic_coordinator,1,1,1,0

access_naac_faculty_research_admin,naac.faculty.research.admin,model_naac_faculty_research,group_university_admin,1,1,1,1
access_naac_faculty_research_faculty,naac.faculty.research.faculty,model_naac_faculty_research,group_faculty,1,1,1,0

access_naac_student_progression_admin,naac.student.progression.admin,model_naac_student_progression,group_university_admin,1,1,1,1
access_naac_student_progression_coordinator,naac.student.progression.coordinator,model_naac_student_progression,group_academic_coordinator,1,1,1,0

access_naac_aqar_admin,naac.aqar.admin,model_naac_aqar,group_university_admin,1,1,1,1
access_naac_aqar_coordinator,naac.aqar.coordinator,model_naac_aqar,group_academic_coordinator,1,1,0,0

access_naac_ssr_admin,naac.ssr.admin,model_naac_ssr,group_university_admin,1,1,1,1
access_naac_ssr_coordinator,naac.ssr.coordinator,model_naac_ssr,group_academic_coordinator,1,1,0,0

access_naac_dashboard_admin,naac.dashboard.admin,model_naac_dashboard,group_university_admin,1,1,1,1
access_naac_dashboard_faculty,naac.dashboard.faculty,model_naac_dashboard,group_faculty,1,0,0,0

access_naac_aqar_wizard_admin,naac.aqar.wizard.admin,model_naac_aqar_wizard,group_university_admin,1,1,1,1
access_naac_evidence_bulk_wizard_admin,naac.evidence.bulk.wizard.admin,model_naac_evidence_bulk_wizard,group_university_admin,1,1,1,1
access_naac_evidence_bulk_wizard_faculty,naac.evidence.bulk.wizard.faculty,model_naac_evidence_bulk_wizard,group_faculty,1,1,1,0
access_naac_evidence_bulk_wizard_line_admin,naac.evidence.bulk.wizard.line.admin,model_naac_evidence_bulk_wizard_line,group_university_admin,1,1,1,1
access_naac_evidence_bulk_wizard_line_faculty,naac.evidence.bulk.wizard.line.faculty,model_naac_evidence_bulk_wizard_line,group_faculty,1,1,1,0

access_fee_date_range_wizard_admin,fee.date.range.wizard.admin,model_fee_date_range_wizard,group_university_admin,1,1,1,1
access_fee_date_range_wizard_accounts,fee.date.range.wizard.accounts,model_fee_date_range_wizard,group_accounts_manager,1,1,1,1
access_fee_date_range_wizard_faculty,fee.date.range.wizard.faculty,model_fee_date_range_wizard,group_faculty,1,1,1,1

access_asset_category_admin,asset.category.admin,model_asset_category,group_university_admin,1,1,1,1
access_asset_category_user,asset.category.user,model_asset_category,group_university_user,1,0,0,0
access_asset_category_faculty,asset.category.faculty,model_asset_category,group_faculty,1,0,0,0

access_asset_asset_admin,asset.asset.admin,model_asset_asset,group_university_admin,1,1,1,1
access_asset_asset_accounts,asset.asset.accounts,model_asset_asset,group_accounts_manager,1,1,1,0
access_asset_asset_hod,asset.asset.hod,model_asset_asset,group_hod,1,1,0,0
access_asset_asset_faculty,asset.asset.faculty,model_asset_asset,group_faculty,1,0,0,0

access_asset_maintenance_admin,asset.maintenance.admin,model_asset_maintenance,group_university_admin,1,1,1,1
access_asset_maintenance_accounts,asset.maintenance.accounts,model_asset_maintenance,group_accounts_manager,1,1,1,0
access_asset_maintenance_hod,asset.maintenance.hod,model_asset_maintenance,group_hod,1,1,1,0
access_asset_maintenance_faculty,asset.maintenance.faculty,model_asset_maintenance,group_faculty,1,1,1,0

access_asset_transfer_admin,asset.transfer.admin,model_asset_transfer,group_university_admin,1,1,1,1
access_asset_transfer_hod,asset.transfer.hod,model_asset_transfer,group_hod,1,1,1,0
access_asset_transfer_faculty,asset.transfer.faculty,model_asset_transfer,group_faculty,1,1,1,0

access_asset_document_admin,asset.document.admin,model_asset_document,group_university_admin,1,1,1,1
access_asset_document_user,asset.document.user,model_asset_document,group_university_user,1,1,1,0
access_asset_document_faculty,asset.document.faculty,model_asset_document,group_faculty,1,0,0,0

access_asset_audit_session_admin,asset.audit.session.admin,model_asset_audit_session,group_university_admin,1,1,1,1
access_asset_audit_session_accounts,asset.audit.session.accounts,model_asset_audit_session,group_accounts_manager,1,1,1,0
access_asset_audit_session_hod,asset.audit.session.hod,model_asset_audit_session,group_hod,1,1,0,0

access_asset_audit_line_admin,asset.audit.line.admin,model_asset_audit_line,group_university_admin,1,1,1,1
access_asset_audit_line_accounts,asset.audit.line.accounts,model_asset_audit_line,group_accounts_manager,1,1,1,0
access_asset_audit_line_hod,asset.audit.line.hod,model_asset_audit_line,group_hod,1,1,0,0
access_asset_audit_line_faculty,asset.audit.line.faculty,model_asset_audit_line,group_faculty,1,1,0,0

access_asset_request_admin,asset.request.admin,model_asset_request,group_university_admin,1,1,1,1
access_asset_request_hod,asset.request.hod,model_asset_request,group_hod,1,1,1,0
access_asset_request_faculty,asset.request.faculty,model_asset_request,group_faculty,1,1,1,0
access_asset_request_user,asset.request.user,model_asset_request,group_university_user,1,1,1,0

access_asset_qr_scan_log_admin,asset.qr.scan.log.admin,model_asset_qr_scan_log,group_university_admin,1,0,0,0
access_asset_qr_scan_log_hod,asset.qr.scan.log.hod,model_asset_qr_scan_log,group_hod,1,0,0,0
access_asset_qr_scan_log_faculty,asset.qr.scan.log.faculty,model_asset_qr_scan_log,group_faculty,1,0,0,0
access_asset_qr_scan_log_accounts,asset.qr.scan.log.accounts,model_asset_qr_scan_log,group_accounts_manager,1,0,0,0

access_asset_purchase_request_admin,asset.purchase.request.admin,model_asset_purchase_request,base.group_system,1,1,1,1
access_asset_purchase_request_faculty,asset.purchase.request.faculty,model_asset_purchase_request,group_faculty,1,1,1,0

access_asset_handover_admin,asset.handover.admin,model_asset_handover,base.group_system,1,1,1,1
access_asset_handover_faculty,asset.handover.faculty,model_asset_handover,group_faculty,1,1,1,0

access_asset_audit_admin,asset.audit.admin,model_asset_audit,base.group_system,1,1,1,1
access_asset_audit_faculty,asset.audit.faculty.v2,model_asset_audit,group_faculty,1,1,0,0

access_asset_stock_issue_admin,asset.stock.issue.admin,model_asset_stock_issue,base.group_system,1,1,1,1
access_asset_stock_issue_faculty,asset.stock.issue.faculty,model_asset_stock_issue,group_faculty,1,1,1,0

access_asset_stock_issue_wizard_admin,asset.stock.issue.wizard.admin,model_asset_stock_issue_wizard,base.group_system,1,1,1,1
access_asset_stock_issue_wizard_faculty,asset.stock.issue.wizard.faculty,model_asset_stock_issue_wizard,group_faculty,1,1,1,1

access_nba_sar_admin,nba.sar.admin,model_nba_sar,group_university_admin,1,1,1,1
access_nba_sar_coord,nba.sar.coord,model_nba_sar,group_academic_coordinator,1,1,1,0
access_nba_sar_faculty,nba.sar.faculty,model_nba_sar,group_faculty,1,0,0,0

access_nba_peo_admin,nba.peo.admin,model_nba_peo,group_university_admin,1,1,1,1
access_nba_peo_coord,nba.peo.coord,model_nba_peo,group_academic_coordinator,1,1,1,0
access_nba_peo_faculty,nba.peo.faculty,model_nba_peo,group_faculty,1,0,0,0

access_nba_pso_admin,nba.pso.admin,model_nba_pso,group_university_admin,1,1,1,1
access_nba_pso_coord,nba.pso.coord,model_nba_pso,group_academic_coordinator,1,1,1,0
access_nba_pso_faculty,nba.pso.faculty,model_nba_pso,group_faculty,1,0,0,0

access_nba_co_admin,nba.co.admin,model_nba_co,group_university_admin,1,1,1,1
access_nba_co_coord,nba.co.coord,model_nba_co,group_academic_coordinator,1,1,1,0
access_nba_co_faculty,nba.co.faculty,model_nba_co,group_faculty,1,1,1,0

access_nba_co_po_matrix_admin,nba.co.po.matrix.admin,model_nba_co_po_matrix,group_university_admin,1,1,1,1
access_nba_co_po_matrix_coord,nba.co.po.matrix.coord,model_nba_co_po_matrix,group_academic_coordinator,1,1,1,0
access_nba_co_po_matrix_faculty,nba.co.po.matrix.faculty,model_nba_co_po_matrix,group_faculty,1,1,1,0

access_nba_program_articulation_admin,nba.program.articulation.admin,model_nba_program_articulation,group_university_admin,1,1,1,1
access_nba_program_articulation_coord,nba.program.articulation.coord,model_nba_program_articulation,group_academic_coordinator,1,1,1,0

access_nba_c1_curriculum_admin,nba.c1.curriculum.admin,model_nba_c1_curriculum,group_university_admin,1,1,1,1
access_nba_c1_curriculum_coord,nba.c1.curriculum.coord,model_nba_c1_curriculum,group_academic_coordinator,1,1,1,0

access_nba_c2_teaching_admin,nba.c2.teaching.admin,model_nba_c2_teaching,group_university_admin,1,1,1,1
access_nba_c2_teaching_coord,nba.c2.teaching.coord,model_nba_c2_teaching,group_academic_coordinator,1,1,1,0

access_nba_c3_assessment_admin,nba.c3.assessment.admin,model_nba_c3_assessment,group_university_admin,1,1,1,1
access_nba_c3_assessment_coord,nba.c3.assessment.coord,model_nba_c3_assessment,group_academic_coordinator,1,1,1,0

access_nba_c3_indirect_admin,nba.c3.indirect.admin,model_nba_c3_indirect,group_university_admin,1,1,1,1
access_nba_c3_indirect_coord,nba.c3.indirect.coord,model_nba_c3_indirect,group_academic_coordinator,1,1,1,0

access_nba_c4_students_admin,nba.c4.students.admin,model_nba_c4_students,group_university_admin,1,1,1,1
access_nba_c4_students_coord,nba.c4.students.coord,model_nba_c4_students,group_academic_coordinator,1,1,1,0

access_nba_c5_faculty_admin,nba.c5.faculty.admin,model_nba_c5_faculty,group_university_admin,1,1,1,1
access_nba_c5_faculty_coord,nba.c5.faculty.coord,model_nba_c5_faculty,group_academic_coordinator,1,1,1,0

access_nba_c6_contributions_admin,nba.c6.contributions.admin,model_nba_c6_contributions,group_university_admin,1,1,1,1
access_nba_c6_contributions_coord,nba.c6.contributions.coord,model_nba_c6_contributions,group_academic_coordinator,1,1,1,0

access_nba_c7_facilities_admin,nba.c7.facilities.admin,model_nba_c7_facilities,university_management.group_university_admin,1,1,1,1
access_nba_c7_facilities_coord,nba.c7.facilities.coord,model_nba_c7_facilities,university_management.group_academic_coordinator,1,1,1,0

access_nba_c8_improvement_admin,nba.c8.improvement.admin,model_nba_c8_improvement,university_management.group_university_admin,1,1,1,1
access_nba_c8_improvement_coord,nba.c8.improvement.coord,model_nba_c8_improvement,university_management.group_academic_coordinator,1,1,1,0

access_nba_c9_governance_admin,nba.c9.governance.admin,model_nba_c9_governance,university_management.group_university_admin,1,1,1,1
access_nba_c9_governance_coord,nba.c9.governance.coord,model_nba_c9_governance,university_management.group_academic_coordinator,1,1,1,0

access_nba_research_admin,nba.research.admin,model_nba_research,university_management.group_university_admin,1,1,1,1
access_nba_research_coord,nba.research.coord,model_nba_research,university_management.group_academic_coordinator,1,1,1,0
access_nba_research_faculty,nba.research.faculty,model_nba_research,university_management.group_faculty,1,1,1,0

access_nba_lab_info_admin,nba.lab.info.admin,model_nba_lab_info,university_management.group_university_admin,1,1,1,1
access_nba_lab_info_coord,nba.lab.info.coord,model_nba_lab_info,university_management.group_academic_coordinator,1,1,1,0

access_nba_evidence_admin,nba.evidence.admin,model_nba_evidence,university_management.group_university_admin,1,1,1,1
access_nba_evidence_coord,nba.evidence.coord,model_nba_evidence,university_management.group_academic_coordinator,1,1,1,0
access_nba_evidence_faculty,nba.evidence.faculty,model_nba_evidence,university_management.group_faculty,1,1,1,0

access_nba_fdp_admin,nba.fdp.admin,model_nba_fdp,university_management.group_university_admin,1,1,1,1
access_nba_fdp_coord,nba.fdp.coord,model_nba_fdp,university_management.group_academic_coordinator,1,1,1,0

access_nba_dashboard_admin,nba.dashboard.admin,model_nba_dashboard,group_university_admin,1,1,1,1
access_nba_dashboard_coord,nba.dashboard.coord,model_nba_dashboard,group_academic_coordinator,1,0,0,0
access_nba_dashboard_faculty,nba.dashboard.faculty,model_nba_dashboard,group_faculty,1,0,0,0

access_nba_compute_wizard_admin,nba.compute.wizard.admin,model_nba_compute_wizard,group_university_admin,1,1,1,1
access_nba_compute_wizard_coord,nba.compute.wizard.coord,model_nba_compute_wizard,group_academic_coordinator,1,1,1,0

access_nba_generate_sar_wizard_admin,nba.generate.sar.wizard.admin,model_nba_generate_sar_wizard,group_university_admin,1,1,1,1
access_nba_generate_sar_wizard_coord,nba.generate.sar.wizard.coord,model_nba_generate_sar_wizard,group_academic_coordinator,1,1,1,0

access_nba_evidence_bulk_wizard_admin,nba.evidence.bulk.wizard.admin,model_nba_evidence_bulk_wizard,group_university_admin,1,1,1,1
access_nba_evidence_bulk_wizard_coord,nba.evidence.bulk.wizard.coord,model_nba_evidence_bulk_wizard,group_academic_coordinator,1,1,1,0
access_nba_evidence_bulk_wizard_faculty,nba.evidence.bulk.wizard.faculty,model_nba_evidence_bulk_wizard,group_faculty,1,1,1,0

access_nba_evidence_bulk_wizard_line_admin,nba.evidence.bulk.wizard.line.admin,model_nba_evidence_bulk_wizard_line,group_university_admin,1,1,1,1
access_nba_evidence_bulk_wizard_line_coord,nba.evidence.bulk.wizard.line.coord,model_nba_evidence_bulk_wizard_line,group_academic_coordinator,1,1,1,0
access_nba_evidence_bulk_wizard_line_faculty,nba.evidence.bulk.wizard.line.faculty,model_nba_evidence_bulk_wizard_line,group_faculty,1,1,1,0

access_nba_c1_course_scheme_admin,nba.c1.course.scheme.admin,model_nba_c1_course_scheme,group_university_admin,1,1,1,1
access_nba_c1_course_scheme_coord,nba.c1.course.scheme.coord,model_nba_c1_course_scheme,group_academic_coordinator,1,1,1,0
access_nba_c1_course_scheme_faculty,nba.c1.course.scheme.faculty,model_nba_c1_course_scheme,group_faculty,1,1,0,0

access_nba_c4_prof_society_admin,nba.c4.prof.society.admin,model_nba_c4_prof_society,group_university_admin,1,1,1,1
access_nba_c4_prof_society_coord,nba.c4.prof.society.coord,model_nba_c4_prof_society,group_academic_coordinator,1,1,1,0
access_nba_c4_prof_society_faculty,nba.c4.prof.society.faculty,model_nba_c4_prof_society,group_faculty,1,1,0,0

access_nba_c4_prof_event_admin,nba.c4.prof.event.admin,model_nba_c4_prof_event,group_university_admin,1,1,1,1
access_nba_c4_prof_event_coord,nba.c4.prof.event.coord,model_nba_c4_prof_event,group_academic_coordinator,1,1,1,0

access_nba_c4_student_event_admin,nba.c4.student.event.admin,model_nba_c4_student_event,group_university_admin,1,1,1,1
access_nba_c4_student_event_coord,nba.c4.student.event.coord,model_nba_c4_student_event,group_academic_coordinator,1,1,1,0

access_nba_c4_dept_pub_admin,nba.c4.dept.pub.admin,model_nba_c4_dept_publication,group_university_admin,1,1,1,1
access_nba_c4_dept_pub_coord,nba.c4.dept.pub.coord,model_nba_c4_dept_publication,group_academic_coordinator,1,1,1,0

access_nba_c4_student_pub_admin,nba.c4.student.pub.admin,model_nba_c4_student_publication,group_university_admin,1,1,1,1
access_nba_c4_student_pub_coord,nba.c4.student.pub.coord,model_nba_c4_student_publication,group_academic_coordinator,1,1,1,0
access_nba_c4_student_pub_faculty,nba.c4.student.pub.faculty,model_nba_c4_student_publication,group_faculty,1,1,0,0
access_asset_purchase_request_hod,asset.purchase.request.hod,model_asset_purchase_request,group_hod,1,1,1,0
access_asset_handover_hod,asset.handover.hod,model_asset_handover,group_hod,1,1,1,0
access_asset_audit_hod,asset.audit.hod,model_asset_audit,group_hod,1,1,0,0
access_asset_stock_issue_hod,asset.stock.issue.hod,model_asset_stock_issue,group_hod,1,1,1,0
access_asset_stock_issue_wizard_hod,asset.stock.issue.wizard.hod,model_asset_stock_issue_wizard,group_hod,1,1,1,1
access_asset_audit_line_v2_admin,asset.audit.line.v2.admin,model_asset_audit_line_v2,group_university_admin,1,1,1,1
access_asset_audit_line_v2_faculty,asset.audit.line.v2.faculty,model_asset_audit_line_v2,group_faculty,1,1,0,0
access_asset_audit_line_v2_hod,asset.audit.line.v2.hod,model_asset_audit_line_v2,group_hod,1,1,0,0
access_theory_question_bank_admin,exam.theory.question.bank.admin,model_exam_theory_question_bank,group_university_admin,1,1,1,1
access_theory_question_bank_controller,exam.theory.question.bank.controller,model_exam_theory_question_bank,group_exam_controller,1,1,1,0
access_theory_question_bank_faculty,exam.theory.question.bank.faculty,model_exam_theory_question_bank,group_faculty,1,1,1,0
access_theory_question_bank_student,exam.theory.question.bank.student,model_exam_theory_question_bank,group_student_portal,1,0,0,0
access_theory_question_admin,exam.theory.question.admin,model_exam_theory_question,group_university_admin,1,1,1,1
access_theory_question_controller,exam.theory.question.controller,model_exam_theory_question,group_exam_controller,1,1,1,0
access_theory_question_faculty,exam.theory.question.faculty,model_exam_theory_question,group_faculty,1,1,1,0
access_theory_question_student,exam.theory.question.student,model_exam_theory_question,group_student_portal,1,0,0,0
access_question_paper_admin,exam.question.paper.admin,model_exam_question_paper,group_university_admin,1,1,1,1
access_question_paper_controller,exam.question.paper.controller,model_exam_question_paper,group_exam_controller,1,1,1,0
access_question_paper_faculty,exam.question.paper.faculty,model_exam_question_paper,group_faculty,1,0,0,0
access_question_paper_line_admin,exam.question.paper.line.admin,model_exam_question_paper_line,group_university_admin,1,1,1,1
access_question_paper_line_controller,exam.question.paper.line.controller,model_exam_question_paper_line,group_exam_controller,1,1,1,0
access_question_paper_line_faculty,exam.question.paper.line.faculty,model_exam_question_paper_line,group_faculty,1,0,0,0
access_omr_template_admin,exam.omr.template.admin,model_exam_omr_template,group_university_admin,1,1,1,1
access_omr_template_controller,exam.omr.template.controller,model_exam_omr_template,group_exam_controller,1,1,1,0
access_omr_template_faculty,exam.omr.template.faculty,model_exam_omr_template,group_faculty,1,0,0,0
access_omr_sheet_admin,exam.omr.sheet.admin,model_exam_omr_sheet,group_university_admin,1,1,1,1
access_omr_sheet_controller,exam.omr.sheet.controller,model_exam_omr_sheet,group_exam_controller,1,1,1,0
access_omr_sheet_faculty,exam.omr.sheet.faculty,model_exam_omr_sheet,group_faculty,1,0,0,0
access_omr_sheet_student,exam.omr.sheet.student,model_exam_omr_sheet,group_student_portal,1,0,0,0
access_omr_scanner_admin,exam.omr.scanner.admin,model_exam_omr_scanner,group_university_admin,1,1,1,1
access_omr_scanner_controller,exam.omr.scanner.controller,model_exam_omr_scanner,group_exam_controller,1,1,1,0
access_omr_scanner_faculty,exam.omr.scanner.faculty,model_exam_omr_scanner,group_faculty,1,1,0,0
access_generate_omr_wizard_admin,exam.generate.omr.sheets.wizard.admin,model_exam_generate_omr_sheets_wizard,group_university_admin,1,1,1,1
access_generate_omr_wizard_controller,exam.generate.omr.sheets.wizard.controller,model_exam_generate_omr_sheets_wizard,group_exam_controller,1,1,1,0
access_bulk_scan_wizard_admin,exam.omr.bulk.scan.wizard.admin,model_exam_omr_bulk_scan_wizard,group_university_admin,1,1,1,1
access_bulk_scan_wizard_controller,exam.omr.bulk.scan.wizard.controller,model_exam_omr_bulk_scan_wizard,group_exam_controller,1,1,1,0
access_bulk_scan_wizard_line_admin,exam.omr.bulk.scan.wizard.line.admin,model_exam_omr_bulk_scan_wizard_line,group_university_admin,1,1,1,1
access_bulk_scan_wizard_line_controller,exam.omr.bulk.scan.wizard.line.controller,model_exam_omr_bulk_scan_wizard_line,group_exam_controller,1,1,1,0